{"cameraMode":{"drawMode":0,"name":"Shaded","section":"Shading Mode"},"sceneLighting":true,"audioPlay":false,"sceneViewState":{"showFog":true,"showMaterialUpdate":false,"showSkybox":true,"showFlares":true,"showImageEffects":true,"showParticleSystems":true},"in2DMode":false,"pivot":{"x":16.782453536987306,"y":-14.233659744262696,"z":5.490324974060059},"rotation":{"x":-0.21173079311847688,"y":-0.5038172602653503,"z":0.12891404330730439,"w":-0.8274784684181213},"size":22.953899383544923,"orthographic":false}